{"ballas":{"VehicleSpawner":{"coords":{"x":89.04,"y":-1967.09,"z":20.75,"h":324.12},"vehicles":{"buffalo2":"Buffalo Sport","chino2":"Lowrider","rumpo":"RumpoXL"},"label":"Car Spawn","colours":{"secondary":{"r":108,"b":11,"g":18},"primary":{"r":108,"b":184,"g":11}}},"Stash":{"coords":{"x":113.3059,"y":-1970.89,"z":21.3276},"label":"Ballas Stash"}},"lost":{"VehicleSpawner":{"coords":{"h":57.54240798950195,"y":-132.17294311523438,"z":74.00828552246094,"x":975.81640625},"vehicles":{"hexer":"Hexer","burrito3":"Burrito","nightblade":"Nightblade"},"label":"Car Spawn","colours":{"secondary":{"r":0,"b":0,"g":0},"primary":{"r":0,"b":0,"g":0}}},"Stash":{"coords":{"h":217.8155212402344,"y":-92.63550567626952,"z":74.84542083740235,"x":987.299560546875},"label":"lost Stash"}},"vagos":{"Stash":{"label":"vagos Stash","coords":{"x":344.5748291015625,"y":-2022.1917724609376,"z":22.39494132995605,"h":340.8378601074219}},"VehicleSpawner":{"coords":{"x":336.1384887695313,"y":-2040.4456787109376,"z":21.14347076416015,"h":91.19831085205078},"vehicles":{"rumpo":"Rumpo","chino2":"Chino Luxe","buffalo2":"Buffalo S"},"label":"Car Spawn","colours":{"secondary":{"b":0,"r":0,"g":0},"primary":{"b":37,"r":179,"g":176}}}},"families":{"VehicleSpawner":{"coords":{"x":-108.24,"y":-1597.97,"z":31.65,"h":322.23},"vehicles":{"buffalo2":"Buffalo Sport","chino2":"Lowrider","rumpo":"RumpoXL"},"label":"Car Spawn","colours":{"secondary":{"r":0,"b":0,"g":0},"primary":{"r":0,"b":0,"g":50}}},"Stash":{"coords":{"x":-136.91,"y":-1609.84,"z":35.03,"h":66.89},"label":"Families Stash"}},"thefamily":{"VehicleSpawner":{"coords":{"x":-108.081787109375,"y":-1597.7911376953126,"z":31.64469718933105,"h":138.08047485351563},"vehicles":{"rumpo":"Rumpo","chino2":"Chino Luxe","buffalo2":"Buffalo S"},"label":"Car Spawn","colours":{"primary":{"b":0,"r":0,"g":50},"secondary":{"b":0,"r":0,"g":0}}},"Stash":{"label":"thefamily Stash","coords":{"x":-136.9118194580078,"y":-1609.851318359375,"z":35.02561950683594,"h":138.08047485351563}}},"marabunta":{"VehicleSpawner":{"coords":{"x":1422.27294921875,"y":-1505.5174560546876,"z":60.96406173706055,"h":161.4316864013672},"vehicles":{"primo2":"Primo Custom","burrito3":"Burrito","buffalo":"Buffalo","kuruma":"Kuruma"},"label":"Car Spawn","colours":{"secondary":{"b":170,"r":24,"g":56},"primary":{"b":170,"r":24,"g":56}}},"Stash":{"coords":{"x":1438.90771484375,"y":-1490.4158935546876,"z":66.61924743652344,"h":247.366943359375},"label":"marabunta Stash"}}}